Phase,Length
Before,235.53714285714287
After,155.0857142857143
