Prompt,Improvement
Prompt 1,0.6199999999999999
Prompt 2,0.81
Prompt 3,0.79
Prompt 4,0.43000000000000005
Prompt 5,0.22000000000000008
Prompt 6,0.21999999999999997
Prompt 7,0.6199999999999999
